Paul,Powell,popple,90000,ppowell
Sarah,Treanor,MrCharming,9361,STreanor
Pam,Gallagher,MrVerdant,13785,PGallagher
Grainne,O Flynn,MrFierce,45693,GOFlynn
Sharon,Morrison,MrUtopian,98108,SMorrison
Catherine,Varley,MrAutomatic,43548,CVarley
Aoife,Grennan,MrHelpful,53966,AGrennan
Nadine,Varley,MrFrightening,94950,NVarley
Nadine,Treanor,MrDireful,98888,NTreanor
Lisa,Higgins,MrTrite,54320,LHiggins
Rebecca,Walsh,MrExultant,32741,RWalsh
Katrina,Shiel,MrMundane,22432,KShiel
Olivia,Melly,MrNext,22981,OMelly
Melisa,Ward,MrDoubtful,82165,MWard
Lisa,Tuffy,MrSame,77004,LTuffy
Aoife,Lynskey,MrFortunate,85239,ALynskey
Gail,Walsh,MrTesty,34480,GWalsh
Bridget,Comer,MrDependent,303,BComer
Michelle,Jumail,MrWide,53966,MJumail
Hannah,Egan,MrGaudy,22336,HEgan
Michaela,Padden,MrMilky,303,MPadden
Marie,Farrell,MrDetermined,23241,MFarrell
Aoife,Carden,MrGratis,15415,ACarden
Roisin,Hyland,MrLame,23595,RHyland
Aine,Higgins,MrBroken,58353,AHiggins
Sinead,Sullivan,MrCurly,34871,SSullivan
Michelle,Smith,MrWide-eyed,9174,MSmith
Pam,Monaghan,MrAbashed,2662,PMonaghan
Emma,Gordon,MrPublic,87774,EGordon
Arlene,Mc Keon,MrFlimsy,38075,AMcKeon
Sarah,Morrison,MrSuperficial,60548,SMorrison
Lorraine,Mulvey,MrGabby,77966,LMulvey
Bridget,Leonard,MrAblaze,91501,BLeonard
Sarah,Monaghan,MrCurious,80674,SMonaghan
Laura,Mc Phillips,MrCalculating,65972,LMcPhillips
Sorcha,Doory,MrIcy,65122,SDoory
Siobhan,Melly,MrPrevious,15110,SMelly
Ciara,Dolan,MrPushy,43083,CDolan
Stephanie,Shiel,MrEarly,91121,SShiel
Eimear,Devins,MrIll-fated,78449,EDevins
Sinead,Finn,MrSlow,10642,SFinn
Olivia,Tighe,MrHelpless,69698,OTighe
Stephanie,Higgins,MrCareless,20920,SHiggins
Lisa,Regan,MrFamiliar,29866,LRegan
Marie,Haughey,MrHandsomely,82716,MHaughey
Clodagh,Timlin,MrMushy,84212,CTimlin
Lisa,Heneghan,MrMaterial,45279,LHeneghan
Niamh,Kelly,MrOptimal,1429,NKelly
Arlene,Conneely,MrOmniscient,45433,AConneely
Mary,Henderson,MrCrowded,51400,MHenderson
Aideen,Fitzpatrick,MrMagenta,36188,AFitzpatrick
Ursula,Higgins,MrHysterical,87924,UHiggins
Mary,Jumail,MrFallacious,3557,MJumail
Chloe,Sharkey,MsTaboo,38609,CSharkey
Tracy,Finn,MsSolid,67427,TFinn
Hilary,Callaghan,MsLively,76890,HCallaghan
Aisling,Mc Gourty,MsHideous,1309,AMcGourty
Grainne,Kelly,MsMaddening,67168,GKelly
Ebony,Scally,MsFreezing,15169,EScally
Sarah,Reilly,MsObese,23060,SReilly
Michelle,Skrzyszewska,MsAmbitious,76434,MSkrzyszewska
Rachel,O'Malley,MsPolitical,16787,RO'Malley
Katrina,Healy,MsLovely,294,KHealy
Roxanne,O Reilly,MsFlippant,78116,ROReilly
Alison,Mc Gettigan,MsPicayune,12498,AMcGettigan
Emma,Fitzpatrick,MsWell-made,96660,EFitzpatrick
Emer,Mc Aleenan,MsBlushing,6275,EMcAleenan
Karina,Cassidy,MsAstonishing,26121,KCassidy
Amy,Lenihan,MsStimulating,39511,ALenihan
Janice,Sharkey,MsCynical,33610,JSharkey
Emma,Dwyer,MsSulky,10540,EDwyer
Hazel,Crossan,MsSilent,53258,HCrossan
Nicole,Masterson,MsVoiceless,65159,NMasterson
Sorcha,Carty,MsFresh,29551,SCarty
Teresa,Staunton,MsUpset,31444,TStaunton
Fiona,Lee,MsWell-groomed,42406,FLee
Shauna,Kelly,MsExcited,90919,SKelly
Melisa,Monaghan,MsMacho,99577,MMonaghan
Clodagh,Glynnmartin,MsLoving,48169,CGlynnmartin
Alison,Gallagher,MsElastic,62423,AGallagher
Danielle,Mc Aleenan,MsSpicy,81023,DMcAleenan
Michelle,Gallagher,MsDrab,10970,MGallagher
Katie,Mc Keon,MsNoxious,96343,KMcKeon
Emma,O Brien,MsFancy,98465,EOBrien
Laura,Reilly,MsRude,11525,LReilly
Chloe,Ward,MsSophisticated,42481,CWard
Rachel,Fahey,MsPlucky,53626,RFahey
Emma,Casey,MsRough,34921,ECasey
Nikita,Mitchell,MsElated,44882,NMitchell
Clodagh,Gallagher,MsRightful,23724,CGallagher
Teresa,O Flynn,MsHumorous,37246,TOFlynn
Lisa,Mulvey,MsCut,70258,LMulvey
Cait,McGarrigle,MsDisgusting,62110,CMcGarrigle
Amy,Clail,MsShaggy,47896,AClail
Demi,Webb,DrStraight,16727,DWebb
Aideen,Mc Cormack,DrPink,68579,AMcCormack
Helen,Hyland,DrFurtive,58531,HHyland
Roisin,Mc Gettigan,DrTasty,52843,RMcGettigan
Siobhan,Doherty,DrSelective,8482,SDoherty
Shauna,Glynnmartin,DrStanding,80495,SGlynnmartin
Emer,Mitchell,DrOutgoing,8486,EMitchell
Nicole,Higgins,DrTidy,98586,NHiggins
Gail,Higgins,DrFuturistic,26208,GHiggins
Siofra,Lenihan,DrIll-informed,98937,SLenihan
Aisling,Cafferty,DrPathetic,25035,ACafferty
Hilary,Timlin,DrEmpty,34762,HTimlin
Niamh,Gordon,DrCharming,94014,NGordon
Demi,Brennan,DrVerdant,51577,DBrennan
Laura,Lee,DrFierce,79728,LLee
Grainne,Scally,DrUtopian,364,GScally
Lorraine,Walsh,DrAutomatic,12403,LWalsh
Niamh,Monaghan,DrHelpful,38560,NMonaghan
Laura,Dorange,DrFrightening,55872,LDorange
Rachel,Lynskey,DrDireful,54404,RLynskey
Catherine,Kelly,DrTrite,82760,CKelly
Rebecca,Ralph,DrExultant,27487,RRalph
Aoife,Grennan,DrMundane,15861,AGrennan
Karina,Heneghan,DrNext,71176,KHeneghan
Emma,Tuffy,DrDoubtful,14189,ETuffy
Michaela,Campbell,DrSame,73822,MCampbell
Karen,Loftus,DrFortunate,10821,KLoftus
Siofra,Skrzyszewska,DrTesty,5572,SSkrzyszewska
Aoife,O'Malley,DrDependent,82191,AO'Malley
Aoife,McGarrigle,DrWide,55732,AMcGarrigle
Ciara,Sullivan,DrGaudy,66168,CSullivan
Mary,Ralph,DrMilky,41311,MRalph
Hannah,Mc Gourty,DrDetermined,67529,HMcGourty
